c2c;test/menu_topo.gif;gif
c2c;test_$folder$;Unknown
crocus;__;Unknown
crocus;hacked.txt;txt
crocus;poc.txt;txt
crocus;telegraph/;Unknown
crocus;telegraph/RESIZE_barbecues.jpg;jpg
crocus;telegraph/TEMPCLICKER.gif;gif
crocus;telegraph/Thumbs.db;db
crocus;telegraph/account.jpg;jpg
crocus;telegraph/accountinfo.jpg;jpg
crocus;telegraph/addtowishlist.jpg;jpg
crocus;telegraph/alloffers.jpg;jpg
crocus;telegraph/annuals.jpg;jpg
crocus;telegraph/apple_time.jpg;jpg
crocus;telegraph/aquatics.jpg;jpg
crocus;telegraph/asterisk.gif;gif
crocus;telegraph/autumntidy.jpg;jpg
crocus;telegraph/back_button.gif;gif
crocus;telegraph/bamboo.jpg;jpg
crocus;telegraph/bamboo2.jpg;jpg
crocus;telegraph/barbecues.jpg;jpg
crocus;telegraph/barrows_trolleys.jpg;jpg
crocus;telegraph/bedding.jpg;jpg
crocus;telegraph/bigbirdhouse.jpg;jpg
crocus;telegraph/birds2.jpg;jpg
crocus;telegraph/birds_wildlife.jpg;jpg
crocus;telegraph/boot_room.jpg;jpg
crocus;telegraph/braziers_firepits.jpg;jpg
crocus;telegraph/btn_add_address.png;png
crocus;telegraph/btn_send.png;png
crocus;telegraph/building_storage.jpg;jpg
crocus;telegraph/bulbs.jpg;jpg
crocus;telegraph/buybutton.jpg;jpg
crocus;telegraph/cart.jpg;jpg
crocus;telegraph/checkout.jpg;jpg
crocus;telegraph/chelsea/;Unknown
crocus;telegraph/chelsea/.svn/;Unknown
crocus;telegraph/chelsea/.svn/all-wcprops;Unknown
crocus;telegraph/chelsea/.svn/entries;Unknown
crocus;telegraph/chelsea/.svn/format;Unknown
crocus;telegraph/chelsea/.svn/prop-base/;Unknown
crocus;telegraph/chelsea/.svn/prop-base/andy_sturgeon.jpg.svn-base;Unknown
crocus;telegraph/chelsea/.svn/prop-base/bullet_point_arrow_orange.gif.svn-base;Unknown
crocus;telegraph/chelsea/.svn/prop-base/chelsea_blog.jpg.svn-base;Unknown
crocus;telegraph/chelsea/.svn/prop-base/chelsea_hero.jpg.svn-base;Unknown
crocus;telegraph/chelsea/.svn/prop-base/get_the_look.jpg.svn-base;Unknown
crocus;telegraph/chelsea/.svn/prop-base/previous_gardens.jpg.svn-base;Unknown
crocus;telegraph/chelsea/.svn/prop-base/this_years_garden.jpg.svn-base;Unknown
crocus;telegraph/chelsea/.svn/props/;Unknown
crocus;telegraph/chelsea/.svn/text-base/;Unknown
crocus;telegraph/chelsea/.svn/text-base/andy_sturgeon.jpg.svn-base;Unknown
